{"db7d9a06-c0c6-4214-a960-423b65d7451d":{"id":"db7d9a06-c0c6-4214-a960-423b65d7451d","fullName":"sdfsdf","role":1,"seniority":1,"salaryAmount":1391.6322,"salaryCurrency":0},"81c069e4-38e8-4810-8703-55159c92d2ce":{"id":"81c069e4-38e8-4810-8703-55159c92d2ce","fullName":"ffffff","role":0,"seniority":2,"salaryAmount":40000.0,"salaryCurrency":0},"50862dff-cf79-4d7e-9504-1de1468d1b95":{"id":"50862dff-cf79-4d7e-9504-1de1468d1b95","fullName":"pepe pepe","role":4,"seniority":2,"salaryAmount":1500.0,"salaryCurrency":0},"3462fed8-48bd-438d-b617-b309d5b885d4":{"id":"3462fed8-48bd-438d-b617-b309d5b885d4","fullName":"tttrtrtr","role":5,"seniority":0,"salaryAmount":1012.25531,"salaryCurrency":0},"1caf678d-0d41-436e-9d49-55c726c51e1e":{"id":"1caf678d-0d41-436e-9d49-55c726c51e1e","fullName":"tttrtrtr","role":5,"seniority":0,"salaryAmount":899.891235,"salaryCurrency":0},"f50c0f99-a699-4ff0-b45a-1cae6b9ca435":{"id":"f50c0f99-a699-4ff0-b45a-1cae6b9ca435","fullName":"tttrtrtr","role":5,"seniority":0,"salaryAmount":899.891235,"salaryCurrency":0},"126b30ba-a67a-4da1-bd78-59aeb1e6d98a":{"id":"126b30ba-a67a-4da1-bd78-59aeb1e6d98a","fullName":"tttrtrtr","role":5,"seniority":0,"salaryAmount":899.891235,"salaryCurrency":0},"3271cdac-2467-4adc-9695-02aaa85a7452":{"id":"3271cdac-2467-4adc-9695-02aaa85a7452","fullName":"ddddd","role":4,"seniority":1,"salaryAmount":1061.208,"salaryCurrency":0},"40db01ad-8ee7-4b6f-b6ac-9df36e2acf27":{"id":"40db01ad-8ee7-4b6f-b6ac-9df36e2acf27","fullName":"cccsc","role":0,"seniority":2,"salaryAmount":160000.0,"salaryCurrency":0},"f73b2acb-6343-4cad-94c2-cc276ba72c30":{"id":"f73b2acb-6343-4cad-94c2-cc276ba72c30","fullName":"dsfsdf","role":5,"seniority":2,"salaryAmount":2000.0,"salaryCurrency":0}}